-- MySQL dump 10.13  Distrib 8.0.15, for macos10.14 (x86_64)
--
-- Host: localhost    Database: 
-- ------------------------------------------------------
-- Server version	8.0.15

/*!40101 SET @OLD_CHARACTER_SET_CLIENT=@@CHARACTER_SET_CLIENT */;
/*!40101 SET @OLD_CHARACTER_SET_RESULTS=@@CHARACTER_SET_RESULTS */;
/*!40101 SET @OLD_COLLATION_CONNECTION=@@COLLATION_CONNECTION */;
 SET NAMES utf8mb4 ;
/*!40103 SET @OLD_TIME_ZONE=@@TIME_ZONE */;
/*!40103 SET TIME_ZONE='+00:00' */;
/*!50606 SET @OLD_INNODB_STATS_AUTO_RECALC=@@INNODB_STATS_AUTO_RECALC */;
/*!50606 SET GLOBAL INNODB_STATS_AUTO_RECALC=OFF */;
/*!40014 SET @OLD_UNIQUE_CHECKS=@@UNIQUE_CHECKS, UNIQUE_CHECKS=0 */;
/*!40014 SET @OLD_FOREIGN_KEY_CHECKS=@@FOREIGN_KEY_CHECKS, FOREIGN_KEY_CHECKS=0 */;
/*!40101 SET @OLD_SQL_MODE=@@SQL_MODE, SQL_MODE='NO_AUTO_VALUE_ON_ZERO' */;
/*!40111 SET @OLD_SQL_NOTES=@@SQL_NOTES, SQL_NOTES=0 */;

--
-- Current Database: `warehouse`
--

CREATE DATABASE /*!32312 IF NOT EXISTS*/ `warehouse` /*!40100 DEFAULT CHARACTER SET utf8mb4 COLLATE utf8mb4_0900_ai_ci */;

USE `warehouse`;

--
-- Table structure for table `actual_inventory`
--

DROP TABLE IF EXISTS `actual_inventory`;
/*!40101 SET @saved_cs_client     = @@character_set_client */;
 SET character_set_client = utf8mb4 ;
CREATE TABLE `actual_inventory` (
  `id` int(11) NOT NULL,
  `item_id` int(11) NOT NULL,
  `stock_location_id` char(40) NOT NULL,
  `quantity` int(11) NOT NULL DEFAULT '1',
  `identity` char(16) NOT NULL DEFAULT '',
  `annotation` char(50) NOT NULL DEFAULT '',
  `last_modified` timestamp NULL DEFAULT CURRENT_TIMESTAMP ON UPDATE CURRENT_TIMESTAMP,
  PRIMARY KEY (`id`)
) ENGINE=InnoDB DEFAULT CHARSET=utf8mb4 COLLATE=utf8mb4_0900_ai_ci;
/*!40101 SET character_set_client = @saved_cs_client */;

--
-- Dumping data for table `actual_inventory`
--

LOCK TABLES `actual_inventory` WRITE;
/*!40000 ALTER TABLE `actual_inventory` DISABLE KEYS */;
INSERT INTO `actual_inventory` VALUES (0,12,'22',0,'','','2019-02-27 23:00:00'),(1,12,'23',0,'','','2019-02-27 23:00:00'),(2,12,'30',27,'','','2019-02-27 23:00:00'),(3,14,'31',20,'','','2019-02-27 23:00:00'),(4,14,'32',19,'','','2019-02-27 23:00:00'),(5,183,'33',3,'','','2019-02-27 23:00:00'),(6,127,'35',9,'','','2019-02-27 23:00:00'),(7,409,'36',1,'','lägg till -9 på artikelnummer.','2019-02-27 23:00:00'),(8,182,'36',1,'','','2019-02-27 23:00:00'),(9,202,'36',1,'','','2019-02-27 23:00:00'),(10,410,'36',1,'','','2019-02-27 23:00:00'),(11,411,'36',1,'','','2019-02-27 23:00:00'),(12,14,'39',0,'','','2019-02-27 23:00:00'),(13,15,'40',0,'','','2019-02-27 23:00:00'),(14,15,'41',0,'','','2019-02-27 23:00:00'),(15,41,'43',1,'1245','','2019-02-27 23:00:00'),(16,41,'43',1,'1172','','2019-02-27 23:00:00'),(17,41,'44',1,'1267','','2019-02-27 23:00:00'),(18,41,'44',1,'1181','','2019-02-27 23:00:00'),(19,412,'47',2,'','','2019-02-27 23:00:00'),(20,413,'47',1,'','','2019-02-27 23:00:00'),(21,27,'47',1,'','','2019-02-27 23:00:00'),(22,192,'51',1,'','','2019-02-27 23:00:00'),(23,178,'53',22,'','Lägg till -3 på artikelnummer.','2019-02-27 23:00:00'),(24,175,'53',8,'','Plus en halv.','2019-02-27 23:00:00'),(25,53,'54',2,'','','2019-02-27 23:00:00'),(26,146,'56',18,'','lägg till -9 på artikelnummer.','2019-02-27 23:00:00'),(27,194,'57',3,'','','2019-02-27 23:00:00'),(28,414,'57',2,'','','2019-02-27 23:00:00'),(29,171,'57',14,'','','2019-02-27 23:00:00'),(30,415,'57',3,'','','2019-02-27 23:00:00'),(31,416,'57',2,'','Lägg till -0 på artikelnummer.','2019-02-27 23:00:00'),(32,417,'57',2,'','','2019-02-27 23:00:00'),(33,418,'58',0,'','','2019-02-27 23:00:00'),(34,419,'58',2,'','','2019-02-27 23:00:00'),(35,12,'58',3,'','','2019-02-27 23:00:00'),(36,420,'58',0,'','','2019-02-27 23:00:00'),(37,421,'58',0,'','','2019-02-27 23:00:00'),(38,422,'58',2,'','','2019-02-27 23:00:00'),(39,423,'58',0,'','','2019-02-27 23:00:00'),(40,175,'59',7,'','Nya','2019-02-27 23:00:00'),(41,146,'60',4,'','lägg till -9 på artikelnummer.','2019-02-27 23:00:00'),(42,112,'79',1,'115','','2019-02-27 23:00:00'),(43,113,'79',1,'/155000021','','2019-02-27 23:00:00'),(44,424,'81',126,'','','2019-02-27 23:00:00'),(45,425,'81',5,'','','2019-02-27 23:00:00'),(46,426,'81',5,'','','2019-02-27 23:00:00'),(47,427,'81',10,'','','2019-02-27 23:00:00');
/*!40000 ALTER TABLE `actual_inventory` ENABLE KEYS */;
UNLOCK TABLES;

--
-- Table structure for table `holdings`
--

DROP TABLE IF EXISTS `holdings`;
/*!40101 SET @saved_cs_client     = @@character_set_client */;
 SET character_set_client = utf8mb4 ;
CREATE TABLE `holdings` (
  `unit_id` int(11) NOT NULL,
  `stock_location_id` int(11) NOT NULL,
  PRIMARY KEY (`unit_id`,`stock_location_id`)
) ENGINE=InnoDB DEFAULT CHARSET=utf8mb4 COLLATE=utf8mb4_0900_ai_ci;
/*!40101 SET character_set_client = @saved_cs_client */;

--
-- Dumping data for table `holdings`
--

LOCK TABLES `holdings` WRITE;
/*!40000 ALTER TABLE `holdings` DISABLE KEYS */;
INSERT INTO `holdings` VALUES (0,94),(0,100),(0,101),(0,102),(0,103),(0,104),(0,105),(0,106),(0,107),(1,1),(1,3),(1,97),(2,2),(2,82),(3,0),(3,83),(4,5),(4,84),(5,4),(5,85),(6,10),(6,11),(6,98),(7,6),(7,86),(8,7),(8,87),(9,8),(9,88),(10,9),(10,89),(11,16),(11,17),(11,99),(12,12),(12,90),(13,13),(13,91),(14,14),(14,92),(15,15),(15,93),(16,18),(16,19),(16,20),(16,21),(16,22),(16,23),(16,24),(16,25),(16,26),(16,27),(16,28),(16,29),(16,30),(16,31),(16,32),(16,33),(16,34),(16,35),(16,36),(16,37),(16,38),(16,39),(16,40),(16,41),(16,42),(16,43),(16,44),(16,45),(16,46),(16,47),(16,48),(16,49),(16,50),(16,51),(16,52),(16,53),(16,54),(16,55),(16,56),(16,57),(16,58),(16,59),(16,60),(16,61),(16,62),(16,63),(16,64),(16,65),(16,66),(16,67),(16,68),(16,69),(16,70),(16,71),(16,72),(16,73),(16,74),(16,75),(16,76),(16,77),(16,78),(16,79),(16,80),(16,81),(16,95),(16,96);
/*!40000 ALTER TABLE `holdings` ENABLE KEYS */;
UNLOCK TABLES;

--
-- Table structure for table `item_application`
--

DROP TABLE IF EXISTS `item_application`;
/*!40101 SET @saved_cs_client     = @@character_set_client */;
 SET character_set_client = utf8mb4 ;
CREATE TABLE `item_application` (
  `unit_id` int(11) NOT NULL,
  `item_id` int(11) NOT NULL,
  `category` char(50) NOT NULL DEFAULT 'RU',
  `quantity` int(11) NOT NULL DEFAULT '1',
  PRIMARY KEY (`unit_id`,`item_id`,`category`)
) ENGINE=InnoDB DEFAULT CHARSET=utf8mb4 COLLATE=utf8mb4_0900_ai_ci;
/*!40101 SET character_set_client = @saved_cs_client */;

--
-- Dumping data for table `item_application`
--

LOCK TABLES `item_application` WRITE;
/*!40000 ALTER TABLE `item_application` DISABLE KEYS */;
/*!40000 ALTER TABLE `item_application` ENABLE KEYS */;
UNLOCK TABLES;

--
-- Table structure for table `items`
--

DROP TABLE IF EXISTS `items`;
/*!40101 SET @saved_cs_client     = @@character_set_client */;
 SET character_set_client = utf8mb4 ;
CREATE TABLE `items` (
  `id` int(11) NOT NULL,
  `number` char(16) NOT NULL,
  `name` char(50) NOT NULL,
  `packaging` char(16) NOT NULL DEFAULT '',
  `description` char(128) NOT NULL DEFAULT '',
  PRIMARY KEY (`id`)
) ENGINE=InnoDB DEFAULT CHARSET=utf8mb4 COLLATE=utf8mb4_0900_ai_ci;
/*!40101 SET character_set_client = @saved_cs_client */;

--
-- Dumping data for table `items`
--

LOCK TABLES `items` WRITE;
/*!40000 ALTER TABLE `items` DISABLE KEYS */;
INSERT INTO `items` VALUES (0,'F1449-000174','HJÄLPRAM','ST',''),(1,'F1468-000115','KOLV KORT','ST',''),(2,'F1579-000016','STÖTSKYDD GASFL 2,5','ST',''),(3,'F3200-020270','STRÖMFÖRSDON RA 180','ST',''),(4,'F5944-000388','HÖGTALARE','ST',''),(5,'F6636-602786','KABLAGE SWALE-RA763','ST',''),(6,'M0782-001110','SLAGFÄLLA RÅTTA','ST',''),(7,'M1082-100011','MASKERPAPPER VITT','RUL',''),(8,'M1082-100021','MASKERPAPPER GRÖNT','RUL',''),(9,'M1346-300500','BINDSTRECK 5M','ST',''),(10,'M1352-501011','LASTSURRNING 1 /K','ST',''),(11,'M1352-508011','LASTSURRNING 3 /K','ST',''),(12,'M1514-005210','MASKERNÄT 521 PLAST','ST',''),(13,'M1514-254221','VINTMASKDUK 422','ST',''),(14,'M1514-254231','VINTMASKDUK 423','ST',''),(15,'M1514-255250','VINTERMASKERDUK 525','ST',''),(16,'M1514-356011','LFÖRSKJSKYDD 206,K','ST',''),(17,'M1688-805120','BOGSERSTÅNG BV','ST',''),(18,'M1741-833310','VATTENSLANG 5M','ST',''),(19,'M1760-800510','DUNKSLANG 20','ST',''),(20,'M1760-800910','DUNKSLANG 20/BLYFRI','ST',''),(21,'M1760-801010','DUNKMUNSTYCKE','ST',''),(22,'M1812-010221','TFNKABEL DL 200M MR','ST',''),(23,'M1812-010321','TFNKAB DL 1000M MR','RUL',''),(24,'M1812-104900','KABEL 50M 16A/3 VIN','ST',''),(25,'M1812-104925','KABEL 50M16A/3SCH V','ST',''),(26,'M1812-774995','KABEL 50M 3X2,5 VIN','ST',''),(27,'M1812-781360','KABEL 10M 16A/3 CEE','ST',''),(28,'M1812-803210','STATIONSTRÅD DL 50M','ST',''),(29,'M1821-227410','SKARVHYLSA','ST',''),(30,'M1921-102011','HÖGANTENN 2,K','ST',''),(31,'M1921-573011','FORDONSANTENN 2,K','ST',''),(32,'M1921-657010','ANTENN 6570','ST',''),(33,'M2335-828011','OLJEBR F LTRP101 /T','ST',''),(34,'M2335-829011','OLJEBR KOKSP 102 /T','ST',''),(35,'M2336-122111','VPUMP 1500L/H MT','ST',''),(36,'M2491-845021','FJÄRRBETJENH 3B MT','ST',''),(37,'M2511-847111','BATTL 847 NICD /T','ST',''),(38,'M2511-906121','BATTLADD 6F AC /T','ST',''),(39,'M2512-116111','BATTL BIL RA118X /T','ST',''),(40,'M2531-707010','KRAFTAGG RA 195','ST',''),(41,'M2650-361011','ELVERK 1800W MT','ST',''),(42,'M2673-001520','ALKBATT 12V 5AH','ST',''),(43,'M2673-003410','ALKBATT 1,2V 0,7AH','ST',''),(44,'M2673-012310','ALKBATT 12V 3AH','ST',''),(45,'M2673-103000','ALKBATT 2,4V 22AH','ST',''),(46,'M2673-120000','ALKBATT 1,2V 0,5AH','ST',''),(47,'M2740-125011','FICKLAMPA 3 MT','ST',''),(48,'M2740-224011','PANNLAMPA 4 MT','ST',''),(49,'M2741-009011','STORMLYKTA 300 MT','ST',''),(50,'M2741-111010','TÄLTLYKTA FOTOGEN','ST',''),(51,'M2780-202000','VISSELPIPA M SNODD','ST',''),(52,'M2795-879310','H-MIKROTFN RA 103X','ST',''),(53,'M2822-212011','TÄLTSPIS OLJEELD /T','ST',''),(54,'M3011-165001','DBLKIKARE 6X30 MT','ST',''),(55,'M3011-180011','DBLKIKARE 7X42 MT','ST',''),(56,'M3011-181081','DBLKIKARE 7X50 MT','ST',''),(57,'M3118-800210','TÄCKTABELL TTA','ST',''),(58,'M3131-015031','ESKIVA 5 MILS /T','ST',''),(59,'M3209-812339','MÄTTRÅD KRIG GRÖN','ST',''),(60,'M3212-303011','EGRPLASERAI MT','ST',''),(61,'M3220-103021','BF SPANING 4 MOD /T','ST',''),(62,'M3220-113011','BILDFÖRST HV /T','ST',''),(63,'M3242-805720','MÄTSKIVA M21B','ST',''),(64,'M3242-805740','MÄTSKIVA M21C FAC','ST',''),(65,'M3242-805750','MÄTSKIVA M21D','ST',''),(66,'M3261-006030','KOMPASS M6C','ST',''),(67,'M3261-006040','KOMPASS M6C 6400','ST',''),(68,'M3261-815010','SYFTKOMPASS 6400 N','ST',''),(69,'M3290-114021','KIKARSIKTE 09 /T','ST',''),(70,'M3354-033010','GPS-MOTTAG BÄRBAR','ST',''),(71,'M3690-025011','INTENSIMETER 25 MT','ST',''),(72,'M3858-302012','KRYAPP 302 MT2','ST',''),(73,'M3912-123031','TFNVX 10DL 2B MT','ST',''),(74,'M3926-384011','TFNAPP MT','ST',''),(75,'M3926-390011','TFNAPP 390 MT','ST',''),(76,'M3926-990031','FINGERSKIVA 2 VÄSKA','ST',''),(77,'M3947-380011','DART 380 MT','ST',''),(78,'M3955-103111','RA 1031 /T','ST',''),(79,'M3955-118311','RA 1183 /T','ST',''),(80,'M3955-135021','RA 135B MT','ST',''),(81,'M3955-144411','RA 1444 /T','ST',''),(82,'M3955-145011','RA 145A MT','ST',''),(83,'M3955-146011','RA 146A MT','ST',''),(84,'M3955-180020','RA 180','ST',''),(85,'M3955-195169','STRÖMFÖRSDON RA 195','ST',''),(86,'M3955-195211','RA 1952A ALE /T','ST',''),(87,'M3955-763011','RA 763 /T','ST',''),(88,'M4800-115699','FORDONSLVSTATIV B','ST',''),(89,'M4804-071011','40 GRTILLSATS AK4 /T','ST',''),(90,'M5011-012001','SKIDOR LIM MONT /K','PAR',''),(91,'M5011-801000','SKIDSTAVAR STÅL /K','PAR',''),(92,'M5015-101011','PULKA M38 MANSD MT','ST',''),(93,'M5032-201010','LYFTVAGN 201A','ST',''),(94,'M5041-192211','BVKÄRRA 1922A MT','ST',''),(95,'M5042-112011','KOKTRKÄRRA 112 MT','ST',''),(96,'M5120-444641','PB7 KD FLERHJ VW /T','ST',''),(97,'M5138-131023','TGB 131B /T','ST',''),(98,'M5138-211013','TGB 211A MT','ST',''),(99,'M5138-311213','TGB 311A SK MT','ST',''),(100,'M5180-111213','RATGB 1112A MT','ST',''),(101,'M5311-114611','LEDSTAPLARE 1,6TE/T','ST',''),(102,'M5370-206011','BV 206A MT','ST',''),(103,'M5370-206111','RABV 2061A MT','ST',''),(104,'M6194-311021','LINJESTÅNG ISOL MT','ST',''),(105,'M6311-003000','HUGGYXA 1,2KG','ST',''),(106,'M6311-005011','INFYXA EGGSKYDD','ST',''),(107,'M6330-005001','BÅGSÅG M EGGSKYDD','ST',''),(108,'M6900-001000','BRYTSPETT','ST',''),(109,'M6910-001010','FÄLTSPADE','ST',''),(110,'M6910-042000','GRÄVSPADE','ST',''),(111,'M6914-003020','SNÖSKYFFEL 3B','ST',''),(112,'M6935-153011','MOTORRÖJSÅG /T','ST',''),(113,'M6935-800311','MOTORHANDSÅG /T','ST',''),(114,'M7010-006010','PRESENNING 6X4M','ST',''),(115,'M7015-112001','FÖRLÄGGNTÄLT 12 MT','ST',''),(116,'M7015-120001','FÖRLÄGGNTÄLT 20 MT','ST',''),(117,'M7015-322001','STABSTÄLT 22 MT','ST',''),(118,'M7015-332001','STABSTÄLT 32 MT','ST',''),(119,'M7015-526011','SJVTÄLT 6 MT','ST',''),(120,'M7020-101119','AXEL 2','ST',''),(121,'M7032-303020','BATTERILÅDA 303B','ST',''),(122,'M7032-307010','BATTERILÅDA 307','ST',''),(123,'M7032-307020','BATTERILÅDA 307B','ST',''),(124,'M7032-832011','ISOLERKÄRL 18L /T','ST',''),(125,'M7033-848420','VAPENKISTA 1B','ST',''),(126,'M7033-848430','VAPENKISTA 1C','ST',''),(127,'M7060-700100','TPFLASKA AL 50L','ST',''),(128,'M7063-003010','DUNK 5L - STRF 90','ST',''),(129,'M7063-003110','DRIVMEDELSDUNK 5L','ST',''),(130,'M7063-129020','VATTENDUNK 25L','ST',''),(131,'M7063-169010','VATTENDUNK 25L','ST',''),(132,'M7063-200010','DUNK 20L UN','ST',''),(133,'M7065-002010','HINK 12L FZ','ST',''),(134,'M7075-807011','VATTENCIST 250L MT','ST',''),(135,'M7075-816011','VATTENTANK 1060L /K','ST',''),(136,'M7080-221000','STABSPORTFÖLJ','ST',''),(137,'M7081-842510','C-SKYDDSSÄCK','RUL',''),(138,'M7085-014128','BÄRRAM 320X570MM','ST',''),(139,'M7093-103010','KABELMES M/37','ST',''),(140,'M7175-800080','ISOLERBAND 15MM','RUL',''),(141,'M7202-301000','STOL FÄLLBAR','ST',''),(142,'M7238-158000','BORD FÄLLBART TRÄ','ST',''),(143,'M7252-216010','SÄKSKÅP VAPENFÖRVAR','ST',''),(144,'M7255-604011','SKAFFERISKÅP 200L/T','ST',''),(145,'M7314-601010','SÄNGFILT SJV','ST',''),(146,'M7315-712010','PATIENTTÄCKE 1','ST',''),(147,'M7332-801800','C-SKYDDSHANDSKAR 8','PAR',''),(148,'M7338-804270','ÖVERDRAGSSKOR 270','PAR',''),(149,'M7338-804285','ÖVERDRAGSSKOR 285','PAR',''),(150,'M7371-113000','KOCKFÖRKLÄDE','ST',''),(151,'M7371-123010','FÖRKLÄDE PL OLIVG','ST',''),(152,'M7374-002000','SKYDDSÄRM GRBRGR','PAR',''),(153,'M7374-014010','SKYDDSÄRM','PAR',''),(154,'M7376-792020','LÄTT C-SKYDDSDRÄKT <180','ST',''),(155,'M7379-222000','REGNSKYDD VÄVPLAST','ST',''),(156,'M7427-408010','DISKBALJA PLAST 65L','ST',''),(157,'M7428-126001','TPBACK M LOCK','ST',''),(158,'M7430-105000','OMRÖRARE 850MM','ST',''),(159,'M7435-003000','PORTIONSSKOPA 0,3L','ST',''),(160,'M7439-112010','SKÄRMASKIN F LIVSM','ST',''),(161,'M7445-133010','DISKBORD 600X1800','ST',''),(162,'M7471-101001','STEKPANNA 9-RUT 2KR','ST',''),(163,'M7471-303001','STEKPANNA SLÄT 2 KR','ST',''),(164,'M7472-085001','TRYCKKOKKITTEL MT','ST',''),(165,'M7510-202000','KÖKSHANDDUK','ST',''),(166,'M7550-102000','HANDFAT PLAST','ST',''),(167,'M7600-741010','LEDNINGSSKYLT','ST',''),(168,'M7611-810221','GASVARNSKYLTAR   /S','ST',''),(169,'M7611-810311','ATOMVARNSKYLTAR  /S','ST',''),(170,'M7611-810411','SMITTVARNSKYLTAR /S','ST',''),(171,'M7677-161010','RÖDAKORSARMB S KARD','ST',''),(172,'M7685-251010','RÖDAKORSDUK 6X6 M','ST',''),(173,'M7685-253210','RÖDAKORSDUK 1X1M','ST',''),(174,'M7808-305010','PAPPSKENA TP HUVST','ST',''),(175,'M7810-077021','SJUKBÅR 2 MT','ST',''),(176,'M7810-077119','BÅRSELE','ST',''),(177,'M7810-131011','SJTPPULKA /T','ST',''),(178,'M7810-205010','BÅRMATTA','ST',''),(179,'M7835-231011','SUGPUMP 1 /T','ST',''),(180,'M7861-506010','BÅRBOCK H75CM','ST',''),(181,'M7861-507010','BÅRBOCK H25CM','ST',''),(182,'M8210-104000','KANTIN 10B /S','ST',''),(183,'M8210-114010','KOKUTR 20 JÄG B /S','ST',''),(184,'M8210-122000','KOKREDSKAP B /S','ST',''),(185,'M8220-506010','HYGIENUTR KOKGR /S','ST',''),(186,'M8240-102010','UPPVÄRMNANORDN VF/S','ST',''),(187,'M8252-106010','BELYSNINGSS 106 /S','ST',''),(188,'M8252-210010','BELYSNINGSSATS 09/S','ST',''),(189,'M8280-094020','FÖRBUTR HEMVÄRN /S','ST',''),(190,'M8280-116010','FÖRBUTR FORDON /S','ST',''),(191,'M8281-368020','PAPPSKENOR 1 /S','ST',''),(192,'M8289-136010','MTRLSATS F 10 /S','ST',''),(193,'M8289-471010','SJVMTRL HEMVÄRN /S','ST',''),(194,'M8289-476010','FÖRBUTR GRP /S','ST',''),(195,'M8323-004210','TBH RA544X VÄSKA /S','ST',''),(196,'M8323-180010','TBH RA180 BÄRBAR /S','ST',''),(197,'M8323-180110','TBH RA180 MOBIL /S','ST',''),(198,'M8560-231410','C-INDIKERUTR 98 /S','ST',''),(199,'M8591-101010','BEVAKNINGSLARM /S','ST',''),(200,'M8591-104020','BEVAKNS CIM 2/S','ST',''),(201,'M8610-200810','MTRLVÅRDSSATS 8 /S','ST',''),(202,'M8670-101010','RESDELAR TRYCKKOK/S','ST',''),(203,'M8700-111020','UTR VAP-FORDREP /S','ST',''),(204,'M8720-230110','UTR TRÅDMONT ATN /S','ST',''),(205,'M8730-210210','VKTSATS 2 KSP 58 /S','ST',''),(206,'M8830-102010','LINJEVSKSATS     /S','ST',''),(207,'X6785-000007','VÅT- /TORRDAMMSUGARE','ST',''),(208,'F1311-879360','SNÖSTÖD','',''),(209,'F2521-000074','OLJESSLANG 3,5M','',''),(210,'F3858-005214','KONSOL','',''),(211,'F4447-003095','BOGSERSTÅNG','',''),(212,'F9616-000013','PTT ENHET ENKEL','',''),(213,'F9616-000014','PTT ENHET DUBBEL','',''),(214,'M0722-102056','RENGÖRINGSOLJA CLP','',''),(215,'M0722-102081','RENGÖRINGSOLJA CLP','',''),(216,'M0722-103081','INSMÖRJNOLJA SMX','',''),(217,'M0730-120000','FLYTANDE TVÅL','',''),(218,'M0736-218000','RENGÖRINGSVÄTSKA 218','',''),(219,'M0736-814110','ABSORBERANDE DUK','',''),(220,'M0754-220000','MOTORBENSIN 20','',''),(221,'M0754-324000','FOTOGEN 24','',''),(222,'M0754-400000','DRIVMLAST MBN/DBO','',''),(223,'M0736-121010','TÄNDSTICKOR','',''),(224,'M0780-020010','SNIP MYRMEDEL','',''),(225,'M0780-020210','SWAT GEL','',''),(226,'M0780-200020','BROMADIOLIN BLOCK','',''),(227,'M0782-002010','BETESSTATION RÅTTA','',''),(228,'M0782-011010','MYRFÄLLA','',''),(229,'M0782-012010','KACKERLACKSFÄLLA','',''),(230,'M0842-287094','MYGGMEDEL','',''),(231,'M0842-287128','MYGGSTIFT MYGGA','',''),(232,'M0844-790857','KALCIUMHYPOKLOR 65%','',''),(233,'M1253-101010','KABELSTEGE','',''),(234,'M1352-501001','LASTSURRNING 1','',''),(235,'M1514-005000','MASKERNÄT 5X5','',''),(236,'M1514-005200','MASKERNÄT 5X5 PLAST','',''),(237,'M1514-255000','VINTERMASKERDUK 5X5','',''),(238,'M1514-351010','SURRNÄT 2,5X3,5M','',''),(239,'M1514-816260','MASKERNÄT BVKÄRRA','',''),(240,'M1812-487510','ANSLUTNINGSKABEL','',''),(241,'M1812-487520','STRÖMFÖRSKABEL GPS','',''),(242,'M1812-487530','ANSLKABEL DATA-GPS','',''),(243,'M1812-487540','ANSKABEL DATA/KRAFT','',''),(244,'M1814-042602','ANTENNKABEL','',''),(245,'M1921-491010','GPS-ANTENN','',''),(246,'M2511-906211','BATTLADD 6F RA118 /T','',''),(247,'M2572-786011','HD-VAGGA M HD 320GB','',''),(248,'M2573-009010','HÅRDDISK 80G','',''),(249,'M2671-002050','TORRBATT 1,5V 34X61','',''),(250,'M2671-005040','TORRBATT 1,5V 14X50','',''),(251,'M2671-011030','TORRBATT 1,5V 10X45','',''),(252,'M2671-130010','TORRBATTERI 4,5V','',''),(253,'M2672-104020','BLYBATT 12V 160AH','',''),(254,'M2672-137010','BLYBATT 12V 95AH','',''),(255,'M2673-814810','ALKBATT 12V 0,6AH','',''),(256,'M2673-901000','ALKB 1,2V KR15/51','',''),(257,'M2673-904000','ALKB 12V 10KR35/62','',''),(258,'M2676-330009','LITBATT 3V 17X34,5','',''),(259,'M2740-101001','FICKLAMPA MT','',''),(260,'M2740-102001','FICKLAMPA GR RÖ','',''),(261,'M2740-236011','PANNLAMPA MT','',''),(262,'M2741-111000','TÄLTLYKTA','',''),(263,'M2795-879010','H-MIKROFOTFN RA 1031','',''),(264,'M2822-102011','KOKSPIS 102 MT','',''),(265,'M2830-273010','MOTORVÄRM 273','',''),(266,'M2830-804001','VARMLUFTAGGR MT','',''),(267,'M2860-101001','LÅGTRPANNA 101 MT','',''),(268,'M2885-061010','PULVERSLÄCKARE 6KG','',''),(269,'M3011-160001','DBLKIKARE 1 MT','',''),(270,'M3011-180001','DBLKIKARE 2 MT','',''),(271,'M3192-117011','DATOR BÄRB 8760W /T','',''),(272,'M3193-501101','DATOR BÄRB FÄLT /T','',''),(273,'M3209-812312','TRÅDMÄTARE KRIG MT','',''),(274,'M3209-812329','MÄTTRÅD KRIG VIT','',''),(275,'M3220-113010','BILDFÖRST HV /T','',''),(276,'M3242-805730','MÄTSKIVA M21C','',''),(277,'M3354-033019','HÅLLARE FÖR GPS','',''),(278,'M3604-134010','TERMOMETER DIGITAL','',''),(279,'M3835-990049','ADAPTER PC-CARD / COM','',''),(280,'M3851-649001','LASERSKRIVARE FRG/T','',''),(281,'M3851-990379','PAPPER','',''),(282,'M3926-990009','FINGERSKIVA M FODR','',''),(283,'M3950-103111','RA 1031 /T','',''),(284,'M3955-118301','RA 1183 /T','',''),(285,'M3955-195101','RA 1951A ALE /T','',''),(286,'M3955-544410','RA 5444','',''),(287,'M4101-151999','KSPBAND','',''),(288,'M4007-501100','7,62 DRIVPTR 10','',''),(289,'M4007-506099','7,62/10 PRJ','',''),(290,'M4007-506440','7,62/10 IR-SLPRJ','',''),(291,'M4007-506499','7,62/10 SLPRJ','',''),(292,'M4007-506699','7,62/10 PPRJ','',''),(293,'M4007-526301','7,62/10 PRICK','',''),(294,'M4009-206099','9/39','',''),(295,'M4040-512299','40 GSGR','',''),(296,'M4084-404799','84/48 SLPSGR','',''),(297,'M4884-405099','84/48 RÖKGR','',''),(298,'M4084-412214','84/48B SGR00B','',''),(299,'M4730-000399','STRVMINA 5','',''),(300,'M4731-220099','FÖRSVARSLNG 2','',''),(301,'M4733-300099','LARMMINA 1','',''),(302,'M4733-310099','LARMMINA 2','',''),(303,'M4739-000299','MINVARNINGSSKYLT','',''),(304,'M4739-000399','VÄGVISARPIL','',''),(305,'M4739-000499','VARNINGSTRÅD','',''),(306,'M4740-100399','SK PSKOTT86 PSGR86','',''),(307,'M4741-100041','SHGR 07','',''),(308,'M4741-110011','TRYCKHANDGRANAT09','',''),(309,'M4742-500099','GEVÄRSRÖKGR','',''),(310,'M4744-100899','SIGNPTR 4 RÖD+GRÖN','',''),(311,'M4744-300314','RÖKSPÅRPATRON 3','',''),(312,'M4745-100499','LYSPTR','',''),(313,'M4745-100599','NÄRLYS','',''),(314,'M4800-750411','7,62 MM KSP 58B /T','',''),(315,'M4800-751429','KOLV AK4 INSKJUTBAR','',''),(316,'M4800-752411','7,62 MM PSG 90 /T','',''),(317,'M4802-651010','SIGNALPISTOL 80','',''),(318,'M4808-441001','8,4 CM GRG M/48 MT','',''),(319,'M5010-005010','SNÖSKOR 02','',''),(320,'M5011-701000','SKIDBINDNING','',''),(321,'M5015-101001','PULKA MANSDRAGEN /T','',''),(322,'M5031-200310','MAGASINKÄRRA 250KG','',''),(323,'M5040-100001','SLÄPKÄRRA 1T MT','',''),(324,'M5044-204213','AMSLÄPKÄRRA 2042 /T','',''),(325,'M5110-258001','MC 258 MT','',''),(326,'M5120-400001','PB 6P 4X4 MT','',''),(327,'M5121-300001','PB 4P MT','',''),(328,'M5121-400001','PB 6P MT','',''),(329,'M5132-170001','FLB 1T DHYTT /T','',''),(330,'M5138-311413','TGB 311 K1 /T','',''),(331,'M5180-111203','RATGB 1112 MT','',''),(332,'M6129-252020','ARBETSBOCK','',''),(333,'M6169-810910','KABELSKARVTÅNG','',''),(334,'M6310-010000','SLIDKNIV','',''),(335,'M6311-003001','HUGGYXA 1,2 KG EGGSK','',''),(336,'M6400-108010','RENGÖRINGSLAPPAR','',''),(337,'M6400-108020','RENGÖRINGSLAPPAR 92','',''),(338,'M6426-331000','SKURBORSTE','',''),(339,'M6426-511000','NAGELBORSTE','',''),(340,'M6426-531010','DISKBORSTE','',''),(341,'M6465-805010','TRATT M SIL','',''),(342,'M6492-155040','BLÅSLAMPA 1L MANOM','',''),(343,'M6910-046010','SPADE','',''),(344,'M6935-100001','MOTHANDSÅG ENM MT','',''),(345,'M6935-151214','MOTRÖJSÅG HVA250/T4','',''),(346,'M7010-006000','PRESENNING 6X4M','',''),(347,'M7010-006060','PRESENNING 4X6M','',''),(348,'M7012-153010','VINDSÄCK FSKJ','',''),(349,'M7015-012001','FÖRLÄGGNINGSTÄLT 12 MT','',''),(350,'M7015-280000','FÖRRÅDSTÄLT 25 MT','',''),(351,'M7020-105019','TRANSPORTSTEGE','',''),(352,'M7026-057010','SOPSÄCKHÅLLARE','',''),(353,'M7029-100010','HUNDTPBUR','',''),(354,'M7032-307000','BATTERILÅDA 307','',''),(355,'M7032-830401','ISOLERKÄRL MT','',''),(356,'M7032-858320','LÅDA 8583B U LOCK','',''),(357,'M7032-990159','LOCK SKJUTBART','',''),(358,'M7033-837410','LÅDA FÖR KSP 58','',''),(359,'M7060-700000','TRANSPORTFLASKA 50L','',''),(360,'M7063-169000','VATTENDUNK 25L','',''),(361,'M7065-002000','HINK 12L','',''),(362,'M7065-115011','HINK 12L M LOCK','',''),(363,'M7975-816011','VATTENTANK 1060L /K','',''),(364,'M7081-823510','PLASTSÄCK 160L PE','',''),(365,'M7081-852480','SOPSÄCK 125L','',''),(366,'M7083-626010','FÖRBANDSVÄSKA BEN','',''),(367,'M7085-201011','BÄRVÄSKA 08 RADIO/K','',''),(368,'M7093-100010','KABELMES','',''),(369,'M7156-110010','SKRIVTAVLA VIT','',''),(370,'M7175-937300','ELTEJP 13MM','',''),(371,'M7202-702010','FÄLLSTOL','',''),(372,'M7332-005010','ARBETSHANDSKAR SV','',''),(373,'M7338-804000','ÖVERDRAGSSKOR','',''),(374,'M7340-004110','SKYDDSGLASÖGON','',''),(375,'M7376-740000','C-UNDERSTÄLL 98/K','',''),(376,'M7379-22200','REGNSKYDD VÄVPLAST','',''),(377,'M7388-034001','KRSK 94 /K','',''),(378,'M7388-815010','FÖRSTSKYDD94 E-KURV','',''),(379,'M7388-816010','FÖRSTSKYDD94 D-KURV','',''),(380,'M7394-121119','FODRAL IDENTITETSK','',''),(381,'M7405-303010','SKÅL RFR 2L','',''),(382,'M7426-203000','BUNKE RFR 3L','',''),(383,'M7426-206000','BUNKE RFR 6L','',''),(384,'M7433-105210','GUMMISKRAPA','',''),(385,'M7436-215000','STEKGAFFEL','',''),(386,'M7445-136010','UPPLAGSBORD GROVD','',''),(387,'M7540-121000','SKURDUK','',''),(388,'M7952-142110','HUNDKOPPEL LÄDER','',''),(389,'M7952-142210','HUNDKOPPEL KEDJA 2M','',''),(390,'M7952-144850','SPÅRSELE 5','',''),(391,'M7952-146010','MUNKORG 9 F HUND','',''),(392,'M7952-148010','HUNDFÖRARLINA 15M','',''),(393,'M7952-638120','RYKTSKRAPA HUND','',''),(394,'M7952-990119','HÅLLARE FÖRARLINA','',''),(395,'M8210-113000','KOKUTR JÄGARE /S','',''),(396,'M8238-805010','DUSCHUTR KOMPANI /S','',''),(397,'M8254-104010','KABELLÅDA 104 /S','',''),(398,'M8280-094110','FÖRBUTR HVSJV /S','',''),(399,'M8281-326010','TANDVÅRDSUTR 4 /S','',''),(400,'M8286-302010','BU SJVUTR STRIDSS /S','',''),(401,'M8289-471110','SJVMTRL HEMVÄRN 1 /S','',''),(402,'M8301-062010','SKRIVMTRL STABSM /S','',''),(403,'M8400-001010','TPSÄCK F AVLIDEN /S','',''),(404,'M8410-785110','MONTS RA544X STD /S','',''),(405,'M8550-407010','SKYDDSUTR MOTHSÅG /S','',''),(406,'M8610-150610','OPTIKVÅRDSATS /S','',''),(407,'M8700-111000','UTR VAP-FORDREP /S','',''),(408,'M8740-101120','SKIDREPUTR M/46 /S','',''),(409,'M8289-205010','SKYDDSROCKAR /S','',''),(410,'Y0060-000000','RESERVDELAR TILL LÅGTRYCKSPANNA 10/B','',''),(411,'M7255-601119','FÄSTRAM F KÖTTBOX','',''),(412,'M1812-104803','KABELVINDA','',''),(413,'M1812-774996','KABELVINDA','',''),(414,'Y0080-000001','FOTSKENOR','',''),(415,'Y0080-000002','VAKUMSPLINT','',''),(416,'M7249-813810','VÄGGFACK SJVTÄLT 6','',''),(417,'Y0080-000003','HELKROPPSSKENA','',''),(418,'Y0080-000004','RÖDAKORSMÄRKNING','',''),(419,'Y0080-000006','INNERTÄLT SJVTÄLT','',''),(420,'Y0080-000005','FÖRSTA FÖRBAND','',''),(421,'Y0080-000007','ALVEDON','',''),(422,'Y0080-000008','SUGPUMP','',''),(423,'Y0080-000009','BELYSNING CIVIL SJV FÄLT','',''),(424,'Y0040-000001','RANSON FÖR ARKTISKT KLIMAT','',''),(425,'Y0040-000002','RANSON FÖR GLUTENINTOLERANS','',''),(426,'Y0040-000003','RANSON FÖR LAKTOSINTOLERANT','',''),(427,'Y0040-000004','RANSON FÖR VEGETERIAN','',''),(428,'Y0100-000001','LÄTTVIKTSPRESSENNING','ST',''),(429,'Y0100-000002','BUKPRESS','ST','');
/*!40000 ALTER TABLE `items` ENABLE KEYS */;
UNLOCK TABLES;

--
-- Table structure for table `master_inventory`
--

DROP TABLE IF EXISTS `master_inventory`;
/*!40101 SET @saved_cs_client     = @@character_set_client */;
 SET character_set_client = utf8mb4 ;
CREATE TABLE `master_inventory` (
  `id` int(11) NOT NULL,
  `item_id` int(11) NOT NULL,
  `source` char(16) NOT NULL DEFAULT '',
  `stock_point` char(16) NOT NULL DEFAULT '',
  `quantity` int(11) NOT NULL DEFAULT '1',
  `identity` char(16) NOT NULL DEFAULT '',
  `annotation` char(50) NOT NULL DEFAULT '',
  `last_modified` timestamp NULL DEFAULT CURRENT_TIMESTAMP ON UPDATE CURRENT_TIMESTAMP,
  PRIMARY KEY (`id`)
) ENGINE=InnoDB DEFAULT CHARSET=utf8mb4 COLLATE=utf8mb4_0900_ai_ci;
/*!40101 SET character_set_client = @saved_cs_client */;

--
-- Dumping data for table `master_inventory`
--

LOCK TABLES `master_inventory` WRITE;
/*!40000 ALTER TABLE `master_inventory` DISABLE KEYS */;
INSERT INTO `master_inventory` VALUES (0,0,'A0JG','Kompaniförråd',7,'','','2019-04-17 07:18:47'),(1,1,'A0JG','Kompaniförråd',1,'','','2019-04-17 07:18:47'),(2,2,'A0JG','Kompaniförråd',5,'','','2019-04-17 07:18:47'),(3,3,'KVM','Kompaniförråd',1,'239084','','2019-04-17 07:19:46'),(4,4,'KVM','Kompaniförråd',2,'','','2019-04-17 07:19:46'),(5,5,'A0JG','Kompaniförråd',1,'','','2019-04-17 07:18:47'),(6,6,'KVM','Kompaniförråd',1,'','','2019-04-17 07:19:46'),(7,7,'KVM','Kompaniförråd',30,'','','2019-04-17 07:19:46'),(8,8,'KVM','Kompaniförråd',27,'','','2019-04-17 07:19:46'),(9,9,'A0JG','Kompaniförråd',5,'','','2019-04-17 07:18:47'),(10,10,'A0JG','Kompaniförråd',40,'','','2019-04-17 07:18:47'),(11,11,'KVM','Kompaniförråd',82,'','','2019-04-17 07:19:46'),(12,12,'A0JG','Kompaniförråd',125,'','','2019-04-17 07:18:47'),(13,13,'A0JG','Kompaniförråd',5,'','','2019-04-17 07:18:47'),(14,14,'A0JG','Kompaniförråd',39,'','','2019-04-17 07:18:47'),(15,15,'A0JG','Kompaniförråd',75,'','','2019-04-17 07:18:47'),(16,16,'A0JG','Kompaniförråd',4,'','','2019-04-17 07:18:47'),(17,17,'A0JG','Kompaniförråd',3,'','','2019-04-17 07:18:47'),(18,18,'KVM','Kompaniförråd',6,'','','2019-04-17 07:19:47'),(19,19,'KVM','Kompaniförråd',23,'','','2019-04-17 07:19:47'),(20,20,'KVM','Kompaniförråd',9,'','','2019-04-17 07:19:47'),(21,21,'KVM','Kompaniförråd',21,'','','2019-04-17 07:19:47'),(22,22,'KVM','Kompaniförråd',10,'','','2019-04-17 07:19:47'),(23,23,'KVM','Kompaniförråd',12,'','','2019-04-17 07:19:47'),(24,24,'KVM','Kompaniförråd',2,'','','2019-04-17 07:19:47'),(25,25,'KVM','Kompaniförråd',4,'','','2019-04-17 07:19:47'),(26,26,'KVM','Kompaniförråd',1,'','','2019-04-17 07:19:47'),(27,27,'A0JG','Kompaniförråd',1,'','','2019-04-17 07:18:47'),(28,28,'KVM','Kompaniförråd',5,'','','2019-04-17 07:19:47'),(29,29,'KVM','Kompaniförråd',150,'','','2019-04-17 07:19:47'),(30,30,'KVM','Kompaniförråd',6,'','','2019-04-17 07:19:47'),(31,31,'KVM','Kompaniförråd',1,'','','2019-04-17 07:19:47'),(32,32,'KVM','Kompaniförråd',2,'','','2019-04-17 07:19:47'),(33,33,'KVM','Kompaniförråd',2,'','','2019-04-17 07:19:47'),(34,34,'KVM','Kompaniförråd',1,'','','2019-04-17 07:19:47'),(35,35,'KVM','Kompaniförråd',3,'','','2019-04-17 07:19:47'),(36,36,'A0JG','Kompaniförråd',1,'1168','','2019-04-17 07:18:47'),(37,36,'A0JG','Kompaniförråd',1,'1522','','2019-04-17 07:18:47'),(38,37,'KVM','Kompaniförråd',6,'','','2019-04-17 07:19:47'),(39,38,'A0JG','Kompaniförråd',4,'','','2019-04-17 07:18:47'),(40,39,'A0JG','Kompaniförråd',6,'','','2019-04-17 07:18:47'),(41,40,'KVM','Kompaniförråd',2,'','','2019-04-17 07:19:47'),(42,41,'A0JG','Kompaniförråd',1,'1172','','2019-04-17 07:18:47'),(43,41,'A0JG','Kompaniförråd',1,'1181','','2019-04-17 07:18:47'),(44,41,'A0JG','Kompaniförråd',1,'1245','','2019-04-17 07:18:47'),(45,41,'A0JG','Kompaniförråd',1,'1267','','2019-04-17 07:18:47'),(46,42,'A0JG','Kompaniförråd',15,'','Partinr: 0000048930','2019-04-17 07:18:47'),(47,42,'A0JG','Kompaniförråd',9,'','','2019-04-17 07:18:47'),(48,43,'A0JG','Kompaniförråd',75,'','','2019-04-17 07:18:47'),(49,44,'A0JG','Kompaniförråd',6,'','Partinr: 200112','2019-04-17 07:18:47'),(50,45,'A0JG','Kompaniförråd',1,'','','2019-04-17 07:18:47'),(51,46,'A0JG','Kompaniförråd',440,'','','2019-04-17 07:18:47'),(52,47,'A0JG','Kompaniförråd',38,'','','2019-04-17 07:18:47'),(53,48,'A0JG','Kompaniförråd',15,'','','2019-04-17 07:18:47'),(54,49,'A0JG','Kompaniförråd',1,'','','2019-04-17 07:18:47'),(55,50,'A0JG','Kompaniförråd',21,'','','2019-04-17 07:18:48'),(56,51,'KVM','Kompaniförråd',4,'','','2019-04-17 07:19:47'),(57,52,'A0JG','Kompaniförråd',80,'','','2019-04-17 07:18:48'),(58,53,'KVM','Kompaniförråd',3,'','','2019-04-17 07:19:47'),(59,54,'A0JG','Kompaniförråd',1,'622844','','2019-04-17 07:18:48'),(60,54,'A0JG','Kompaniförråd',1,'570034','','2019-04-17 07:18:48'),(61,54,'A0JG','Kompaniförråd',1,'568354','','2019-04-17 07:18:48'),(62,54,'A0JG','Kompaniförråd',1,'568321','','2019-04-17 07:18:48'),(63,54,'A0JG','Kompaniförråd',1,'628494','','2019-04-17 07:18:48'),(64,54,'A0JG','Kompaniförråd',1,'625726','','2019-04-17 07:18:48'),(65,54,'A0JG','Kompaniförråd',1,'628506','','2019-04-17 07:18:48'),(66,54,'A0JG','Kompaniförråd',1,'628561','','2019-04-17 07:18:48'),(67,54,'A0JG','Kompaniförråd',1,'631021','','2019-04-17 07:18:48'),(68,54,'A0JG','Kompaniförråd',1,'628567','','2019-04-17 07:18:48'),(69,54,'A0JG','Kompaniförråd',1,'624600','','2019-04-17 07:18:48'),(70,54,'A0JG','Kompaniförråd',1,'628442','','2019-04-17 07:18:48'),(71,54,'A0JG','Kompaniförråd',1,'630796','','2019-04-17 07:18:48'),(72,55,'A0JG','Kompaniförråd',1,'3398','','2019-04-17 07:18:48'),(73,55,'A0JG','Kompaniförråd',1,'3955','','2019-04-17 07:18:48'),(74,55,'A0JG','Kompaniförråd',1,'3282','','2019-04-17 07:18:48'),(75,55,'A0JG','Kompaniförråd',1,'4034','','2019-04-17 07:18:48'),(76,55,'A0JG','Kompaniförråd',1,'3162','','2019-04-17 07:18:48'),(77,55,'A0JG','Kompaniförråd',1,'4721','','2019-04-17 07:18:48'),(78,55,'A0JG','Kompaniförråd',1,'4280','','2019-04-17 07:18:48'),(79,55,'A0JG','Kompaniförråd',1,'4402','','2019-04-17 07:18:48'),(80,55,'A0JG','Kompaniförråd',1,'4734','','2019-04-17 07:18:48'),(81,56,'A0JG','Kompaniförråd',1,'70310','','2019-04-17 07:18:48'),(82,57,'LIFT','Kompaniförråd',1,'08672','','2019-04-17 07:18:48'),(83,57,'LIFT','Kompaniförråd',1,'08706','','2019-04-17 07:18:48'),(84,57,'LIFT','Kompaniförråd',1,'08708','','2019-04-17 07:18:48'),(85,57,'LIFT','Kompaniförråd',1,'08713','','2019-04-17 07:18:48'),(86,57,'LIFT','Kompaniförråd',1,'08724','','2019-04-17 07:18:48'),(87,57,'LIFT','Kompaniförråd',1,'08726','','2019-04-17 07:18:48'),(88,57,'LIFT','Kompaniförråd',1,'08727','','2019-04-17 07:18:48'),(89,57,'LIFT','Kompaniförråd',1,'08728','','2019-04-17 07:18:48'),(90,57,'LIFT','Kompaniförråd',1,'08729','','2019-04-17 07:18:48'),(91,57,'LIFT','Kompaniförråd',1,'08745','','2019-04-17 07:18:48'),(92,57,'LIFT','Kompaniförråd',1,'08899','','2019-04-17 07:18:48'),(93,57,'LIFT','Kompaniförråd',1,'08945','','2019-04-17 07:18:48'),(94,57,'LIFT','Kompaniförråd',1,'08946','','2019-04-17 07:18:48'),(95,57,'LIFT','Kompaniförråd',1,'08947','','2019-04-17 07:18:48'),(96,57,'LIFT','Kompaniförråd',1,'09324','','2019-04-17 07:18:48'),(97,57,'LIFT','Kompaniförråd',1,'09962','','2019-04-17 07:18:48'),(98,57,'LIFT','Kompaniförråd',1,'09963','','2019-04-17 07:18:48'),(99,58,'KVM','Kompaniförråd',2,'','','2019-04-17 07:19:48'),(100,59,'KVM','Kompaniförråd',8,'','','2019-04-17 07:19:48'),(101,60,'LIFT','Kompaniförråd',1,'96','','2019-04-17 07:18:48'),(102,60,'LIFT','Kompaniförråd',1,'144','','2019-04-17 07:18:48'),(103,61,'A0JG','Kompaniförråd',1,'02079','','2019-04-17 07:18:48'),(104,61,'A0JG','Kompaniförråd',1,'02513','','2019-04-17 07:18:48'),(105,61,'A0JG','Kompaniförråd',1,'02529','','2019-04-17 07:18:48'),(106,62,'A0JG','Kompaniförråd',1,'1835','','2019-04-17 07:18:48'),(107,62,'A0JG','Kompaniförråd',1,'1804','','2019-04-17 07:18:48'),(108,62,'A0JG','Kompaniförråd',1,'00274','','2019-04-17 07:18:48'),(109,62,'A0JG','Kompaniförråd',1,'01347','','2019-04-17 07:18:48'),(110,63,'A0JG','Kompaniförråd',10,'','','2019-04-17 07:18:48'),(111,64,'KVM','Kompaniförråd',12,'','','2019-04-17 07:19:48'),(112,65,'A0JG','Kompaniförråd',14,'','','2019-04-17 07:18:48'),(113,66,'A0JG','Kompaniförråd',15,'','','2019-04-17 07:18:48'),(114,67,'KVM','Kompaniförråd',37,'','','2019-04-17 07:19:48'),(115,68,'KVM','Kompaniförråd',6,'','','2019-04-17 07:19:48'),(116,69,'KVM','Kompaniförråd',6,'2061','','2019-04-17 07:19:48'),(117,70,'KVM','Kompaniförråd',1,'0904','','2019-04-17 07:19:48'),(118,71,'A0JG','Kompaniförråd',1,'1525','','2019-04-17 07:18:48'),(119,71,'A0JG','Kompaniförråd',1,'0787','','2019-04-17 07:18:48'),(120,71,'A0JG','Kompaniförråd',1,'0227','','2019-04-17 07:18:48'),(121,71,'A0JG','Kompaniförråd',1,'5526','','2019-04-17 07:18:48'),(122,72,'LIFT','Kompaniförråd',1,'1398','','2019-04-17 07:18:48'),(123,72,'LIFT','Kompaniförråd',1,'1413','','2019-04-17 07:18:48'),(124,72,'LIFT','Kompaniförråd',1,'2634','','2019-04-17 07:18:48'),(125,72,'LIFT','Kompaniförråd',1,'3706','','2019-04-17 07:18:48'),(126,72,'LIFT','Kompaniförråd',1,'3732','','2019-04-17 07:18:48'),(127,73,'KVM','Kompaniförråd',1,'','','2019-04-17 07:19:48'),(128,74,'KVM','Kompaniförråd',12,'','','2019-04-17 07:19:48'),(129,75,'KVM','Kompaniförråd',6,'','','2019-04-17 07:19:48'),(130,76,'A0JG','Kompaniförråd',6,'','','2019-04-17 07:18:48'),(131,77,'KVM','Kompaniförråd',3,'','','2019-04-17 07:19:48'),(132,78,'LIFT','Kompaniförråd',1,'1061','','2019-04-17 07:18:48'),(133,78,'LIFT','Kompaniförråd',1,'1108','','2019-04-17 07:18:48'),(134,78,'LIFT','Kompaniförråd',1,'1127','','2019-04-17 07:18:48'),(135,78,'LIFT','Kompaniförråd',1,'1304','','2019-04-17 07:18:48'),(136,78,'LIFT','Kompaniförråd',1,'2119','','2019-04-17 07:18:48'),(137,78,'LIFT','Kompaniförråd',1,'2166','','2019-04-17 07:18:48'),(138,78,'LIFT','Kompaniförråd',1,'2178','','2019-04-17 07:18:48'),(139,78,'LIFT','Kompaniförråd',1,'2207','','2019-04-17 07:18:48'),(140,78,'LIFT','Kompaniförråd',1,'3206','','2019-04-17 07:18:48'),(141,78,'LIFT','Kompaniförråd',1,'3229','','2019-04-17 07:18:48'),(142,78,'LIFT','Kompaniförråd',1,'3468','','2019-04-17 07:18:48'),(143,78,'LIFT','Kompaniförråd',1,'3602','','2019-04-17 07:18:48'),(144,78,'LIFT','Kompaniförråd',1,'3613','','2019-04-17 07:18:48'),(145,78,'LIFT','Kompaniförråd',1,'3851','','2019-04-17 07:18:48'),(146,78,'LIFT','Kompaniförråd',1,'3870','','2019-04-17 07:18:48'),(147,78,'LIFT','Kompaniförråd',1,'4130','','2019-04-17 07:18:48'),(148,78,'LIFT','Kompaniförråd',1,'4176','','2019-04-17 07:18:48'),(149,78,'LIFT','Kompaniförråd',1,'4390','','2019-04-17 07:18:48'),(150,78,'LIFT','Kompaniförråd',1,'4523','','2019-04-17 07:18:48'),(151,78,'LIFT','Kompaniförråd',1,'6004','','2019-04-17 07:18:48'),(152,78,'LIFT','Kompaniförråd',1,'6075','','2019-04-17 07:18:48'),(153,78,'LIFT','Kompaniförråd',1,'6120','','2019-04-17 07:18:48'),(154,78,'LIFT','Kompaniförråd',1,'6241','','2019-04-17 07:18:48'),(155,78,'LIFT','Kompaniförråd',1,'6254','','2019-04-17 07:18:48'),(156,78,'LIFT','Kompaniförråd',1,'6321','','2019-04-17 07:18:48'),(157,78,'LIFT','Kompaniförråd',1,'6453','','2019-04-17 07:18:48'),(158,78,'LIFT','Kompaniförråd',1,'6507','','2019-04-17 07:18:48'),(159,78,'LIFT','Kompaniförråd',1,'6635','','2019-04-17 07:18:48'),(160,78,'LIFT','Kompaniförråd',1,'2740154','','2019-04-17 07:18:48'),(161,78,'LIFT','Kompaniförråd',1,'20100025','','2019-04-17 07:18:48'),(162,78,'LIFT','Kompaniförråd',1,'20100067','','2019-04-17 07:18:48'),(163,78,'LIFT','Kompaniförråd',1,'006569801','','2019-04-17 07:18:48'),(164,78,'LIFT','Kompaniförråd',1,'008689601','','2019-04-17 07:18:48'),(165,78,'LIFT','Kompaniförråd',1,'008715201','','2019-04-17 07:18:48'),(166,78,'LIFT','Kompaniförråd',1,'008882001','','2019-04-17 07:18:48'),(167,78,'LIFT','Kompaniförråd',1,'009271701','','2019-04-17 07:18:48'),(168,78,'LIFT','Kompaniförråd',1,'3066328A01','','2019-04-17 07:18:48'),(169,78,'LIFT','Kompaniförråd',1,'3077172A01','','2019-04-17 07:18:48'),(170,78,'LIFT','Kompaniförråd',1,'3077959A01','','2019-04-17 07:18:48'),(171,78,'LIFT','Kompaniförråd',1,'3078096A01','','2019-04-17 07:18:48'),(172,79,'LIFT','Kompaniförråd',38,'','','2019-04-17 07:18:48'),(173,80,'A0JG','Kompaniförråd',1,'11246','','2019-04-17 07:18:48'),(174,80,'A0JG','Kompaniförråd',1,'11180','','2019-04-17 07:18:48'),(175,81,'A0JG','Kompaniförråd',1,'4695','','2019-04-17 07:18:48'),(176,81,'A0JG','Kompaniförråd',1,'1284','','2019-04-17 07:18:48'),(177,81,'A0JG','Kompaniförråd',1,'4697','','2019-04-17 07:18:48'),(178,81,'A0JG','Kompaniförråd',1,'4696','','2019-04-17 07:18:48'),(179,81,'A0JG','Kompaniförråd',1,'4698','','2019-04-17 07:18:48'),(180,81,'A0JG','Kompaniförråd',1,'4690','','2019-04-17 07:18:48'),(181,81,'A0JG','Kompaniförråd',1,'1357','','2019-04-17 07:18:48'),(182,81,'A0JG','Kompaniförråd',1,'1354','','2019-04-17 07:18:48'),(183,82,'A0JG','Kompaniförråd',1,'5036','','2019-04-17 07:18:48'),(184,82,'A0JG','Kompaniförråd',1,'2964','','2019-04-17 07:18:48'),(185,83,'A0JG','Kompaniförråd',1,'24109','','2019-04-17 07:18:48'),(186,84,'A0JG','Kompaniförråd',1,'143076','','2019-04-17 07:18:48'),(187,84,'A0JG','Kompaniförråd',1,'151057','','2019-04-17 07:18:48'),(188,84,'A0JG','Kompaniförråd',1,'251015','','2019-04-17 07:18:48'),(189,84,'A0JG','Kompaniförråd',1,'249125','','2019-04-17 07:18:48'),(190,84,'A0JG','Kompaniförråd',1,'318001','','2019-04-17 07:18:48'),(191,84,'A0JG','Kompaniförråd',1,'251069','','2019-04-17 07:18:48'),(192,84,'A0JG','Kompaniförråd',1,'249067','','2019-04-17 07:18:48'),(193,84,'A0JG','Kompaniförråd',1,'302012','','2019-04-17 07:18:48'),(194,85,'KVM','Kompaniförråd',4,'','','2019-04-17 07:19:48'),(195,86,'LIFT','Kompaniförråd',1,'125','','2019-04-17 07:18:48'),(196,87,'A0JG','Kompaniförråd',1,'231','','2019-04-17 07:18:48'),(197,88,'A0JG','Kompaniförråd',1,'20120','','2019-04-17 07:18:48'),(198,88,'A0JG','Kompaniförråd',1,'20121','','2019-04-17 07:18:48'),(199,88,'A0JG','Kompaniförråd',1,'20122','','2019-04-17 07:18:48'),(200,88,'A0JG','Kompaniförråd',1,'20123','','2019-04-17 07:18:48'),(201,89,'LIFT','VNG',1,'20114','VNG','2019-04-17 07:18:48'),(202,89,'LIFT','VNG',1,'20186','VNG','2019-04-17 07:18:48'),(203,89,'LIFT','VNG',1,'20203','VNG','2019-04-17 07:18:48'),(204,90,'KVM','Kompaniförråd',80,'','','2019-04-17 07:19:49'),(205,91,'KVM','Kompaniförråd',80,'','','2019-04-17 07:19:49'),(206,92,'A0JG','Kompaniförråd',1,'','','2019-04-17 07:18:48'),(207,93,'A0JG','Kompaniförråd',1,'','','2019-04-17 07:18:48'),(208,94,'A0JG','Kompaniförråd',1,'128980','','2019-04-17 07:18:48'),(209,94,'A0JG','Kompaniförråd',1,'128997','','2019-04-17 07:18:48'),(210,94,'A0JG','VNG',1,'129105','VNG - återlämnas','2019-04-17 07:18:48'),(211,94,'A0JG','VNG',1,'129104','VNG','2019-04-17 07:18:48'),(212,95,'KVM','Kompaniförråd',1,'182397','','2019-04-17 07:19:49'),(213,96,'A0JG','Kompaniförråd',1,'65062','','2019-04-17 07:18:49'),(214,97,'KVM','Kompaniförråd',1,'137888','','2019-04-17 07:19:49'),(215,98,'KVM','Kompaniförråd',1,'205144','','2019-04-17 07:19:49'),(216,99,'A0JG','Kompaniförråd',1,'331029','','2019-04-17 07:18:49'),(217,100,'A0JG','VNG',1,'114354','VNG - återlämnas','2019-04-17 07:18:49'),(218,101,'A0JG','VNG',1,'6030281','VNG - återlämnas','2019-04-17 07:18:49'),(219,102,'A0JG','Kompaniförråd',1,'265036','','2019-04-17 07:18:49'),(220,102,'A0JG','Kompaniförråd',1,'261595','','2019-04-17 07:18:49'),(221,102,'A0JG','Kompaniförråd',1,'265176','','2019-04-17 07:18:49'),(222,102,'A0JG','VNG',1,'260921','VNG - reparation','2019-04-17 07:18:49'),(223,102,'A0JG','Kompaniförråd',1,'260898','','2019-04-17 07:18:49'),(224,102,'A0JG','Kompaniförråd',1,'260920','','2019-04-17 07:18:49'),(225,102,'A0JG','Kompaniförråd',1,'262773','','2019-04-17 07:18:49'),(226,102,'A0JG','Kompaniförråd',1,'260840','','2019-04-17 07:18:49'),(227,103,'KVM','Kompaniförråd',1,'264191','','2019-04-17 07:19:49'),(228,104,'KVM','Kompaniförråd',6,'','','2019-04-17 07:19:49'),(229,105,'KVM','Kompaniförråd',20,'','','2019-04-17 07:19:49'),(230,106,'KVM','Kompaniförråd',8,'','','2019-04-17 07:19:49'),(231,107,'KVM','Kompaniförråd',21,'','','2019-04-17 07:19:49'),(232,108,'KVM','Kompaniförråd',1,'','','2019-04-17 07:19:49'),(233,109,'KVM','Kompaniförråd',40,'','','2019-04-17 07:19:50'),(234,110,'KVM','Kompaniförråd',18,'','','2019-04-17 07:19:50'),(235,111,'KVM','Kompaniförråd',48,'','','2019-04-17 07:19:50'),(236,112,'LIFT','Kompaniförråd',1,'115','','2019-04-17 07:18:49'),(237,113,'A0JG','Kompaniförråd',1,'/155000021','','2019-04-17 07:18:49'),(238,114,'A0JG','Kompaniförråd',4,'','','2019-04-17 07:18:49'),(239,115,'A0JG','Kompaniförråd',11,'','','2019-04-17 07:18:49'),(240,116,'KVM','Kompaniförråd',7,'','','2019-04-17 07:19:50'),(241,117,'KVM','Kompaniförråd',1,'','','2019-04-17 07:19:50'),(242,118,'A0JG','Kompaniförråd',1,'','','2019-04-17 07:18:49'),(243,119,'KVM','Kompaniförråd',2,'','','2019-04-17 07:19:50'),(244,120,'KVM','Kompaniförråd',5,'','','2019-04-17 07:19:50'),(245,121,'A0JG','Kompaniförråd',8,'','','2019-04-17 07:18:49'),(246,122,'A0JG','Kompaniförråd',6,'','','2019-04-17 07:18:49'),(247,123,'A0JG','Kompaniförråd',10,'','','2019-04-17 07:18:49'),(248,124,'A0JG','Kompaniförråd',34,'','','2019-04-17 07:18:49'),(249,125,'A0JG','Kompaniförråd',2,'','','2019-04-17 07:18:49'),(250,126,'A0JG','Kompaniförråd',2,'','','2019-04-17 07:18:49'),(251,127,'A0JG','Kompaniförråd',11,'','','2019-04-17 07:18:49'),(252,128,'KVM','Kompaniförråd',4,'','','2019-04-17 07:19:50'),(253,129,'KVM','Kompaniförråd',17,'','','2019-04-17 07:19:50'),(254,130,'A0JG','Kompaniförråd',50,'','','2019-04-17 07:18:49'),(255,131,'A0JG','Kompaniförråd',3,'','','2019-04-17 07:18:49'),(256,132,'KVM','Kompaniförråd',79,'','','2019-04-17 07:19:50'),(257,133,'A0JG','Kompaniförråd',21,'','','2019-04-17 07:18:49'),(258,134,'A0JG','Kompaniförråd',4,'','','2019-04-17 07:18:49'),(259,135,'A0JG','Kompaniförråd',1,'2638','','2019-04-17 07:18:49'),(260,135,'A0JG','Kompaniförråd',1,'2503','','2019-04-17 07:18:49'),(261,136,'A0JG','Kompaniförråd',2,'','','2019-04-17 07:18:49'),(262,137,'A0JG','Kompaniförråd',5,'','','2019-04-17 07:18:49'),(263,138,'A0JG','Kompaniförråd',8,'','','2019-04-17 07:18:49'),(264,139,'A0JG','Kompaniförråd',5,'','','2019-04-17 07:18:49'),(265,140,'KVM','Kompaniförråd',12,'','Förbrukningsmateriel','2019-04-17 07:19:50'),(266,141,'KVM','Kompaniförråd',6,'','','2019-04-17 07:19:50'),(267,142,'KVM','Kompaniförråd',4,'','','2019-04-17 07:19:50'),(268,143,'A0JG','Kompaniförråd',1,'2093','','2019-04-17 07:18:49'),(269,144,'KVM','Kompaniförråd',2,'','','2019-04-17 07:19:50'),(270,145,'A0JG','Kompaniförråd',13,'','','2019-04-17 07:18:49'),(271,146,'KVM','Kompaniförråd',28,'','','2019-04-17 07:19:50'),(272,147,'A0JG','Kompaniförråd',8,'','','2019-04-17 07:18:49'),(273,148,'A0JG','Kompaniförråd',3,'','','2019-04-17 07:18:49'),(274,149,'A0JG','Kompaniförråd',3,'','','2019-04-17 07:18:49'),(275,150,'A0JG','Kompaniförråd',10,'','','2019-04-17 07:18:49'),(276,151,'KVM','Kompaniförråd',5,'','','2019-04-17 07:19:51'),(277,152,'A0JG','Kompaniförråd',12,'','','2019-04-17 07:18:49'),(278,153,'KVM','Kompaniförråd',5,'','','2019-04-17 07:19:51'),(279,154,'A0JG','Kompaniförråd',8,'','','2019-04-17 07:18:49'),(280,155,'A0JG','Kompaniförråd',54,'','','2019-04-17 07:18:49'),(281,156,'KVM','Kompaniförråd',13,'','','2019-04-17 07:19:51'),(282,157,'A0JG','Kompaniförråd',13,'','','2019-04-17 07:18:49'),(283,158,'A0JG','Kompaniförråd',4,'','','2019-04-17 07:18:49'),(284,159,'KVM','Kompaniförråd',8,'','','2019-04-17 07:19:51'),(285,160,'A0JG','Kompaniförråd',1,'','','2019-04-17 07:18:49'),(286,161,'KVM','Kompaniförråd',2,'','','2019-04-17 07:19:51'),(287,162,'A0JG','Kompaniförråd',3,'','','2019-04-17 07:18:49'),(288,163,'A0JG','Kompaniförråd',3,'','','2019-04-17 07:18:49'),(289,164,'KVM','Kompaniförråd',6,'','','2019-04-17 07:19:51'),(290,165,'A0JG','Kompaniförråd',20,'','','2019-04-17 07:18:49'),(291,166,'KVM','Kompaniförråd',82,'','','2019-04-17 07:19:51'),(292,167,'KVM','Kompaniförråd',30,'','','2019-04-17 07:19:51'),(293,168,'A0JG','Kompaniförråd',5,'','','2019-04-17 07:18:49'),(294,169,'A0JG','Kompaniförråd',5,'','','2019-04-17 07:18:49'),(295,170,'A0JG','Kompaniförråd',5,'','','2019-04-17 07:18:49'),(296,171,'KVM','Kompaniförråd',8,'','','2019-04-17 07:19:51'),(297,172,'KVM','Kompaniförråd',1,'','','2019-04-17 07:19:51'),(298,173,'KVM','Kompaniförråd',2,'','','2019-04-17 07:19:51'),(299,174,'KVM','Kompaniförråd',3,'','','2019-04-17 07:19:51'),(300,175,'KVM','Kompaniförråd',20,'','','2019-04-17 07:19:51'),(301,176,'KVM','Kompaniförråd',32,'','','2019-04-17 07:19:51'),(302,177,'A0JG','Kompaniförråd',3,'','','2019-04-17 07:18:49'),(303,178,'KVM','Kompaniförråd',28,'','','2019-04-17 07:19:51'),(304,179,'KVM','Kompaniförråd',3,'','','2019-04-17 07:19:51'),(305,180,'KVM','Kompaniförråd',6,'','','2019-04-17 07:19:51'),(306,181,'KVM','Kompaniförråd',4,'','','2019-04-17 07:19:51'),(307,182,'KVM','Kompaniförråd',1,'','','2019-04-17 07:19:51'),(308,183,'A0JG','Kompaniförråd',3,'','','2019-04-17 07:18:49'),(309,184,'KVM','Kompaniförråd',2,'','','2019-04-17 07:19:52'),(310,185,'KVM','Kompaniförråd',2,'','','2019-04-17 07:19:52'),(311,186,'A0JG','Kompaniförråd',1,'','','2019-04-17 07:18:49'),(312,187,'A0JG','Kompaniförråd',5,'','','2019-04-17 07:18:49'),(313,188,'KVM','Kompaniförråd',5,'','','2019-04-17 07:19:52'),(314,189,'A0JG','Kompaniförråd',10,'','','2019-04-17 07:18:49'),(315,190,'KVM','Kompaniförråd',20,'','','2019-04-17 07:19:52'),(316,191,'A0JG','Kompaniförråd',4,'','','2019-04-17 07:18:49'),(317,192,'KVM','Kompaniförråd',1,'','','2019-04-17 07:19:52'),(318,193,'A0JG','Kompaniförråd',3,'','','2019-04-17 07:18:49'),(319,194,'KVM','Kompaniförråd',21,'','','2019-04-17 07:19:52'),(320,195,'A0JG','Kompaniförråd',1,'','','2019-04-17 07:18:49'),(321,196,'KVM','Kompaniförråd',6,'','','2019-04-17 07:19:52'),(322,197,'A0JG','Kompaniförråd',1,'','Fyll i serienr','2019-04-17 07:18:49'),(323,197,'A0JG','Kompaniförråd',1,'','Fyll i serienr','2019-04-17 07:18:49'),(324,198,'A0JG','Kompaniförråd',5,'','','2019-04-17 07:18:50'),(325,199,'KVM','Kompaniförråd',8,'','','2019-04-17 07:19:52'),(326,200,'A0JG','Kompaniförråd',1,'864/1245','','2019-04-17 07:18:50'),(327,200,'A0JG','Kompaniförråd',1,'1249/1258','','2019-04-17 07:18:50'),(328,200,'A0JG','Kompaniförråd',1,'821/1355','','2019-04-17 07:18:50'),(329,200,'A0JG','Kompaniförråd',1,'1307/1392','','2019-04-17 07:18:50'),(330,201,'A0JG','Kompaniförråd',2,'','','2019-04-17 07:18:50'),(331,202,'KVM','Kompaniförråd',1,'','','2019-04-17 07:19:52'),(332,203,'A0JG','Kompaniförråd',3,'','','2019-04-17 07:18:50'),(333,204,'KVM','Kompaniförråd',1,'','','2019-04-17 07:19:52'),(334,205,'KVM','Kompaniförråd',6,'','Ingår i KSP','2019-04-17 07:19:52'),(335,206,'KVM','Kompaniförråd',6,'','','2019-04-17 07:19:52'),(336,207,'LIFT','Kompaniförråd',1,'','','2019-04-17 07:18:50'),(337,208,'KVM','VNG',6,'','Till KSP','2019-04-17 07:19:46'),(338,209,'KVM','Kompaniförråd',2,'','','2019-04-17 07:19:46'),(339,210,'KVM','Kompaniförråd',9,'','','2019-04-17 07:19:46'),(340,211,'KVM','Kompaniförråd',30,'','','2019-04-17 07:19:46'),(341,212,'KVM','Kompaniförråd',56,'','IGR (chef)','2019-04-17 07:19:46'),(342,213,'KVM','Kompaniförråd',20,'','IGR (skytt)','2019-04-17 07:19:46'),(343,214,'KVM','Kompaniförråd',10,'','Förbrukningsmateriel','2019-04-17 07:19:46'),(344,215,'KVM','Kompaniförråd',10,'','Förbrukningsmateriel','2019-04-17 07:19:46'),(345,216,'KVM','Kompaniförråd',10,'','Förbrukningsmateriel','2019-04-17 07:19:46'),(346,217,'KVM','Kompaniförråd',4,'','Förbrukningsmateriel','2019-04-17 07:19:46'),(347,218,'KVM','Kompaniförråd',10,'','Förbrukningsmateriel','2019-04-17 07:19:46'),(348,219,'KVM','Kompaniförråd',1,'','Förbrukningsmateriel','2019-04-17 07:19:46'),(349,219,'KVM','Kompaniförråd',5,'','Förbrukningsmateriel','2019-04-17 07:19:46'),(350,220,'KVM','Kompaniförråd',360,'','Förbrukningsmateriel','2019-04-17 07:19:46'),(351,221,'KVM','Kompaniförråd',45,'','Förbrukningsmateriel','2019-04-17 07:19:46'),(352,222,'KVM','Kompaniförråd',600,'','Förbrukningsmateriel','2019-04-17 07:19:46'),(353,223,'KVM','Kompaniförråd',4,'','Förbrukningsmateriel','2019-04-17 07:19:46'),(354,224,'KVM','Kompaniförråd',2,'','Förbrukningsmateriel','2019-04-17 07:19:46'),(355,225,'KVM','Kompaniförråd',50,'','Förbrukningsmateriel','2019-04-17 07:19:46'),(356,226,'KVM','Kompaniförråd',30,'','Förbrukningsmateriel','2019-04-17 07:19:46'),(357,227,'KVM','Kompaniförråd',1,'','','2019-04-17 07:19:46'),(358,228,'KVM','Kompaniförråd',1,'','','2019-04-17 07:19:46'),(359,229,'KVM','Kompaniförråd',1,'','','2019-04-17 07:19:46'),(360,230,'KVM','Kompaniförråd',15,'','Förbrukningsmateriel','2019-04-17 07:19:46'),(361,231,'KVM','Kompaniförråd',4,'','Förbrukningsmateriel','2019-04-17 07:19:46'),(362,232,'KVM','Kompaniförråd',1,'','Förbrukningsmateriel','2019-04-17 07:19:46'),(363,233,'KVM','Kompaniförråd',3,'','','2019-04-17 07:19:46'),(364,234,'KVM','Kompaniförråd',40,'','','2019-04-17 07:19:46'),(365,235,'KVM','Kompaniförråd',66,'','','2019-04-17 07:19:47'),(366,236,'KVM','Kompaniförråd',53,'','','2019-04-17 07:19:47'),(367,237,'KVM','Kompaniförråd',100,'','','2019-04-17 07:19:47'),(368,238,'KVM','Kompaniförråd',50,'','','2019-04-17 07:19:47'),(369,239,'KVM','Kompaniförråd',4,'','','2019-04-17 07:19:47'),(370,240,'KVM','Kompaniförråd',1,'','','2019-04-17 07:19:47'),(371,241,'KVM','Kompaniförråd',1,'','','2019-04-17 07:19:47'),(372,242,'KVM','Kompaniförråd',1,'','','2019-04-17 07:19:47'),(373,243,'KVM','Kompaniförråd',1,'','','2019-04-17 07:19:47'),(374,244,'KVM','Kompaniförråd',1,'','','2019-04-17 07:19:47'),(375,245,'KVM','Kompaniförråd',1,'','','2019-04-17 07:19:47'),(376,246,'KVM','Kompaniförråd',3,'','','2019-04-17 07:19:47'),(377,247,'KVM','Kompaniförråd',2,'','IS-HV?','2019-04-17 07:19:47'),(378,248,'KVM','Kompaniförråd',4,'','IS-HV?','2019-04-17 07:19:47'),(379,249,'KVM','Kompaniförråd',1964,'','','2019-04-17 07:19:47'),(380,250,'KVM','Kompaniförråd',137,'','','2019-04-17 07:19:47'),(381,251,'KVM','Kompaniförråd',72,'','','2019-04-17 07:19:47'),(382,252,'KVM','Kompaniförråd',12,'','','2019-04-17 07:19:47'),(383,253,'KVM','Kompaniförråd',2,'','Ingår i fordon','2019-04-17 07:19:47'),(384,254,'KVM','Kompaniförråd',26,'','Ingår i fordon','2019-04-17 07:19:47'),(385,255,'KVM','Kompaniförråd',8,'','','2019-04-17 07:19:47'),(386,256,'KVM','Kompaniförråd',120,'','','2019-04-17 07:19:47'),(387,257,'KVM','Kompaniförråd',144,'','Till RA180','2019-04-17 07:19:47'),(388,258,'KVM','Kompaniförråd',54,'','','2019-04-17 07:19:47'),(389,259,'KVM','Kompaniförråd',28,'','','2019-04-17 07:19:47'),(390,260,'KVM','Kompaniförråd',12,'','','2019-04-17 07:19:47'),(391,261,'KVM','Kompaniförråd',10,'','','2019-04-17 07:19:47'),(392,262,'KVM','Kompaniförråd',21,'','','2019-04-17 07:19:47'),(393,263,'KVM','Kompaniförråd',76,'','IGR','2019-04-17 07:19:47'),(394,264,'KVM','Kompaniförråd',1,'','Ingår i kokkärra','2019-04-17 07:19:47'),(395,265,'KVM','Kompaniförråd',9,'','Ingår i BV','2019-04-17 07:19:47'),(396,266,'KVM','Kompaniförråd',1,'','','2019-04-17 07:19:47'),(397,267,'KVM','Kompaniförråd',1,'','Ingår i kokkärra','2019-04-17 07:19:47'),(398,268,'KVM','Kompaniförråd',2,'','','2019-04-17 07:19:48'),(399,269,'KVM','Kompaniförråd',13,'','','2019-04-17 07:19:48'),(400,270,'KVM','Kompaniförråd',10,'','','2019-04-17 07:19:48'),(401,271,'KVM','Kompaniförråd',2,'','IS-HV?','2019-04-17 07:19:48'),(402,272,'KVM','Kompaniförråd',4,'','IS-HV?','2019-04-17 07:19:48'),(403,273,'KVM','Kompaniförråd',2,'','','2019-04-17 07:19:48'),(404,274,'KVM','Kompaniförråd',4,'','','2019-04-17 07:19:48'),(405,275,'KVM','Kompaniförråd',9,'','','2019-04-17 07:19:48'),(406,276,'KVM','Kompaniförråd',2,'','','2019-04-17 07:19:48'),(407,277,'KVM','Kompaniförråd',1,'','','2019-04-17 07:19:48'),(408,278,'KVM','Kompaniförråd',1,'','','2019-04-17 07:19:48'),(409,279,'KVM','Kompaniförråd',4,'','IS-HV?','2019-04-17 07:19:48'),(410,280,'KVM','Kompaniförråd',1,'','IS-HV?','2019-04-17 07:19:48'),(411,281,'KVM','Kompaniförråd',18,'','IS-HV?','2019-04-17 07:19:48'),(412,282,'KVM','Kompaniförråd',6,'','','2019-04-17 07:19:48'),(413,283,'KVM','Kompaniförråd',76,'','IGR','2019-04-17 07:19:48'),(414,284,'KVM','Kompaniförråd',32,'','IGR','2019-04-17 07:19:48'),(415,285,'KVM','Kompaniförråd',4,'','','2019-04-17 07:19:48'),(416,286,'KVM','Kompaniförråd',4,'','','2019-04-17 07:19:48'),(417,287,'KVM','VNG',352,'','Ingår i KSP?','2019-04-17 07:19:48'),(418,288,'KVM','VNG',72,'','','2019-04-17 07:19:48'),(419,289,'KVM','VNG',39800,'','80st/skytt','2019-04-17 07:19:48'),(420,290,'KVM','VNG',4840,'','20st/skytt','2019-04-17 07:19:48'),(421,291,'KVM','VNG',6000,'','','2019-04-17 07:19:48'),(422,292,'KVM','VNG',1650,'','','2019-04-17 07:19:48'),(423,293,'KVM','VNG',840,'','','2019-04-17 07:19:48'),(424,294,'KVM','VNG',1728,'','','2019-04-17 07:19:48'),(425,295,'KVM','VNG',250,'','','2019-04-17 07:19:48'),(426,296,'KVM','VNG',32,'','','2019-04-17 07:19:48'),(427,297,'KVM','VNG',24,'','','2019-04-17 07:19:48'),(428,298,'KVM','VNG',24,'','','2019-04-17 07:19:48'),(429,299,'KVM','VNG',36,'','','2019-04-17 07:19:48'),(430,300,'KVM','VNG',30,'','','2019-04-17 07:19:48'),(431,301,'KVM','VNG',40,'','','2019-04-17 07:19:48'),(432,302,'KVM','VNG',100,'','','2019-04-17 07:19:48'),(433,303,'KVM','Kompaniförråd',100,'','','2019-04-17 07:19:48'),(434,304,'KVM','Kompaniförråd',100,'','','2019-04-17 07:19:48'),(435,305,'KVM','Kompaniförråd',2,'','','2019-04-17 07:19:48'),(436,306,'KVM','Kompaniförråd',32,'','','2019-04-17 07:19:48'),(437,307,'KVM','Centralt',96,'','','2019-04-17 07:19:49'),(438,308,'KVM','VNG',160,'','','2019-04-17 07:19:49'),(439,309,'KVM','VNG',36,'','','2019-04-17 07:19:49'),(440,310,'KVM','VNG',100,'','','2019-04-17 07:19:49'),(441,311,'KVM','VNG',160,'','','2019-04-17 07:19:49'),(442,312,'KVM','VNG',160,'','','2019-04-17 07:19:49'),(443,313,'KVM','VNG',32,'','','2019-04-17 07:19:49'),(444,314,'KVM','VNG',6,'','','2019-04-17 07:19:49'),(445,315,'KVM','Kompaniförråd',8,'','','2019-04-17 07:19:49'),(446,316,'KVM','VNG',6,'','','2019-04-17 07:19:49'),(447,317,'KVM','VNG',10,'','','2019-04-17 07:19:49'),(448,318,'KVM','VNG',4,'','','2019-04-17 07:19:49'),(449,319,'KVM','Kompaniförråd',16,'','','2019-04-17 07:19:49'),(450,320,'KVM','Kompaniförråd',8,'','','2019-04-17 07:19:49'),(451,321,'KVM','Kompaniförråd',4,'','','2019-04-17 07:19:49'),(452,322,'KVM','Kompaniförråd',2,'','','2019-04-17 07:19:49'),(453,323,'KVM','Biluthyrning',3,'','Hyrfordon','2019-04-17 07:19:49'),(454,324,'KVM','Kompaniförråd',1,'','','2019-04-17 07:19:49'),(455,325,'KVM','FMCK',4,'','','2019-04-17 07:19:49'),(456,326,'KVM','Biluthyrning',1,'','Hyrfordon','2019-04-17 07:19:49'),(457,327,'KVM','Biluthyrning',4,'','Hyrfordon','2019-04-17 07:19:49'),(458,328,'KVM','Biluthyrning',1,'','Hyrfordon','2019-04-17 07:19:49'),(459,329,'KVM','Biluthyrning',1,'','Hyrfordon','2019-04-17 07:19:49'),(460,330,'KVM','Kompaniförråd',1,'','','2019-04-17 07:19:49'),(461,331,'KVM','Kompaniförråd',1,'','','2019-04-17 07:19:49'),(462,332,'KVM','Kompaniförråd',1,'','','2019-04-17 07:19:49'),(463,333,'KVM','Kompaniförråd',3,'','','2019-04-17 07:19:49'),(464,334,'KVM','Kompaniförråd',21,'','','2019-04-17 07:19:49'),(465,335,'KVM','Kompaniförråd',1,'','','2019-04-17 07:19:49'),(466,336,'KVM','Kompaniförråd',20,'','Förbrukningsmateriel','2019-04-17 07:19:49'),(467,337,'KVM','Kompaniförråd',100,'','Förbrukningsmateriel','2019-04-17 07:19:49'),(468,338,'KVM','Kompaniförråd',4,'','Hundförare','2019-04-17 07:19:49'),(469,339,'KVM','Kompaniförråd',4,'','Förbrukningsmateriel','2019-04-17 07:19:49'),(470,340,'KVM','Kompaniförråd',9,'','Förbrukningsmateriel','2019-04-17 07:19:49'),(471,341,'KVM','Kompaniförråd',9,'','Ingår i BV/RA-BV','2019-04-17 07:19:49'),(472,342,'KVM','Kompaniförråd',1,'','Ingår i RA-BV','2019-04-17 07:19:49'),(473,343,'KVM','Kompaniförråd',3,'','','2019-04-17 07:19:50'),(474,344,'KVM','Kompaniförråd',1,'','','2019-04-17 07:19:50'),(475,345,'KVM','Kompaniförråd',1,'','','2019-04-17 07:19:50'),(476,346,'KVM','Kompaniförråd',26,'','','2019-04-17 07:19:50'),(477,347,'KVM','Kompaniförråd',1,'','','2019-04-17 07:19:50'),(478,348,'KVM','Kompaniförråd',8,'','','2019-04-17 07:19:50'),(479,349,'KVM','Kompaniförråd',9,'','','2019-04-17 07:19:50'),(480,350,'KVM','Kompaniförråd',2,'','','2019-04-17 07:19:50'),(481,351,'KVM','Kompaniförråd',3,'','','2019-04-17 07:19:50'),(482,352,'KVM','Kompaniförråd',4,'','','2019-04-17 07:19:50'),(483,353,'KVM','Kompaniförråd',4,'','','2019-04-17 07:19:50'),(484,354,'KVM','Kompaniförråd',12,'','Till DART','2019-04-17 07:19:50'),(485,355,'KVM','Kompaniförråd',20,'','','2019-04-17 07:19:50'),(486,356,'KVM','Kompaniförråd',6,'','','2019-04-17 07:19:50'),(487,357,'KVM','Kompaniförråd',6,'','','2019-04-17 07:19:50'),(488,358,'KVM','VNG',6,'','Ingår i KSP','2019-04-17 07:19:50'),(489,359,'KVM','Kompaniförråd',11,'','','2019-04-17 07:19:50'),(490,360,'KVM','Kompaniförråd',35,'','','2019-04-17 07:19:50'),(491,361,'KVM','Kompaniförråd',20,'','','2019-04-17 07:19:50'),(492,362,'KVM','Kompaniförråd',4,'','Hundförare','2019-04-17 07:19:50'),(493,363,'KVM','Kompaniförråd',2,'','','2019-04-17 07:19:50'),(494,364,'KVM','Kompaniförråd',6,'','Förbrukningsmateriel','2019-04-17 07:19:50'),(495,365,'KVM','Kompaniförråd',4,'','Förbrukningsmateriel','2019-04-17 07:19:50'),(496,366,'KVM','Kompaniförråd',8,'','','2019-04-17 07:19:50'),(497,367,'KVM','Kompaniförråd',10,'','','2019-04-17 07:19:50'),(498,368,'KVM','Kompaniförråd',8,'','','2019-04-17 07:19:50'),(499,369,'KVM','Kompaniförråd',1,'','','2019-04-17 07:19:50'),(500,370,'KVM','Kompaniförråd',32,'','Förbrukningsmateriel','2019-04-17 07:19:50'),(501,371,'KVM','Kompaniförråd',6,'','','2019-04-17 07:19:50'),(502,372,'KVM','Kompaniförråd',20,'','','2019-04-17 07:19:51'),(503,373,'KVM','Kompaniförråd',36,'','','2019-04-17 07:19:51'),(504,374,'KVM','Kompaniförråd',4,'','Hundförare','2019-04-17 07:19:51'),(505,375,'KVM','Kompaniförråd',251,'','1st/HV-personal','2019-04-17 07:19:51'),(506,376,'KVM','Kompaniförråd',4,'','Hundförare','2019-04-17 07:19:51'),(507,377,'KVM','Kompaniförråd',16,'','','2019-04-17 07:19:51'),(508,378,'KVM','Kompaniförråd',16,'','','2019-04-17 07:19:51'),(509,379,'KVM','Kompaniförråd',16,'','','2019-04-17 07:19:51'),(510,380,'KVM','Kompaniförråd',8,'','','2019-04-17 07:19:51'),(511,381,'KVM','Kompaniförråd',4,'','Hundförare','2019-04-17 07:19:51'),(512,382,'KVM','Kompaniförråd',5,'','','2019-04-17 07:19:51'),(513,383,'KVM','Kompaniförråd',5,'','','2019-04-17 07:19:51'),(514,384,'KVM','Kompaniförråd',6,'','','2019-04-17 07:19:51'),(515,385,'KVM','Kompaniförråd',6,'','','2019-04-17 07:19:51'),(516,386,'KVM','Kompaniförråd',1,'','','2019-04-17 07:19:51'),(517,387,'KVM','Kompaniförråd',4,'','Hundförare','2019-04-17 07:19:51'),(518,388,'KVM','Kompaniförråd',4,'','Hundförare','2019-04-17 07:19:51'),(519,389,'KVM','Kompaniförråd',4,'','Hundförare','2019-04-17 07:19:51'),(520,390,'KVM','Kompaniförråd',4,'','Hundförare','2019-04-17 07:19:51'),(521,391,'KVM','Kompaniförråd',4,'','Hundförare','2019-04-17 07:19:51'),(522,392,'KVM','Kompaniförråd',4,'','Hundförare','2019-04-17 07:19:51'),(523,393,'KVM','Kompaniförråd',4,'','Hundförare','2019-04-17 07:19:51'),(524,394,'KVM','Kompaniförråd',4,'','Hundförare','2019-04-17 07:19:51'),(525,395,'KVM','Kompaniförråd',2,'','','2019-04-17 07:19:51'),(526,396,'KVM','Kompaniförråd',2,'','','2019-04-17 07:19:52'),(527,397,'KVM','Kompaniförråd',1,'','','2019-04-17 07:19:52'),(528,398,'KVM','Kompaniförråd',3,'','','2019-04-17 07:19:52'),(529,399,'KVM','Kompaniförråd',3,'','','2019-04-17 07:19:52'),(530,400,'KVM','Kompaniförråd',8,'','','2019-04-17 07:19:52'),(531,401,'KVM','Kompaniförråd',3,'','','2019-04-17 07:19:52'),(532,402,'KVM','Kompaniförråd',1,'','','2019-04-17 07:19:52'),(533,403,'KVM','Kompaniförråd',3,'','','2019-04-17 07:19:52'),(534,404,'KVM','Kompaniförråd',4,'','','2019-04-17 07:19:52'),(535,405,'KVM','Kompaniförråd',1,'','','2019-04-17 07:19:52'),(536,406,'KVM','Kompaniförråd',3,'','','2019-04-17 07:19:52'),(537,407,'KVM','Kompaniförråd',3,'','','2019-04-17 07:19:52'),(538,408,'KVM','Kompaniförråd',8,'','','2019-04-17 07:19:52');
/*!40000 ALTER TABLE `master_inventory` ENABLE KEYS */;
UNLOCK TABLES;

--
-- Table structure for table `organizational_units`
--

DROP TABLE IF EXISTS `organizational_units`;
/*!40101 SET @saved_cs_client     = @@character_set_client */;
 SET character_set_client = utf8mb4 ;
CREATE TABLE `organizational_units` (
  `id` int(11) NOT NULL,
  `callsign` char(2) NOT NULL,
  `name` char(30) NOT NULL,
  `level` int(11) NOT NULL,
  `superior_unit_id` char(40) DEFAULT NULL,
  PRIMARY KEY (`id`)
) ENGINE=InnoDB DEFAULT CHARSET=utf8mb4 COLLATE=utf8mb4_0900_ai_ci;
/*!40101 SET character_set_client = @saved_cs_client */;

--
-- Dumping data for table `organizational_units`
--

LOCK TABLES `organizational_units` WRITE;
/*!40000 ALTER TABLE `organizational_units` DISABLE KEYS */;
INSERT INTO `organizational_units` VALUES (0,'RG','162 HV-insatskompaniet',0,'-1'),(1,'AR','1621 HV-insatsplutonen',1,'0'),(2,'EA','1:e grp (understöd)',2,'1'),(3,'FA','2:a grp (patrull)',2,'1'),(4,'GA','3:e grp (fältarbeten)',2,'1'),(5,'HA','4:e grp (spaning)',2,'1'),(6,'BR','1622 HV-insatsplutonen',1,'0'),(7,'EB','1:e grp (understöd)',2,'6'),(8,'FB','2:a grp (patrull)',2,'6'),(9,'GB','3:e grp (fältarbeten)',2,'6'),(10,'HB','4:e grp (spaning)',2,'6'),(11,'CR','1623 HV-insatsplutonen',1,'0'),(12,'EC','1:e grp (understöd)',2,'11'),(13,'FC','2:a grp (patrull)',2,'11'),(14,'GC','3:e grp (fältarbeten)',2,'11'),(15,'HC','4:e grp (spaning)',2,'11'),(16,'DR','Stab och trosstroppen',1,'0'),(17,'ED','Stab och sambandsgruppen',2,'16'),(18,'FD','Sjukvårdsgruppen',2,'16'),(19,'GD','Kokgruppen',2,'16'),(20,'HD','Packgruppen',2,'16');
/*!40000 ALTER TABLE `organizational_units` ENABLE KEYS */;
UNLOCK TABLES;

--
-- Table structure for table `stock_locations`
--

DROP TABLE IF EXISTS `stock_locations`;
/*!40101 SET @saved_cs_client     = @@character_set_client */;
 SET character_set_client = utf8mb4 ;
CREATE TABLE `stock_locations` (
  `id` int(11) NOT NULL,
  `section` char(10) NOT NULL,
  `slot` char(10) NOT NULL,
  `description` char(128) NOT NULL DEFAULT '',
  PRIMARY KEY (`id`)
) ENGINE=InnoDB DEFAULT CHARSET=utf8mb4 COLLATE=utf8mb4_0900_ai_ci;
/*!40101 SET character_set_client = @saved_cs_client */;

--
-- Dumping data for table `stock_locations`
--

LOCK TABLES `stock_locations` WRITE;
/*!40000 ALTER TABLE `stock_locations` DISABLE KEYS */;
INSERT INTO `stock_locations` VALUES (0,'A','1',''),(1,'A','2',''),(2,'A','3',''),(3,'A','4',''),(4,'A','5',''),(5,'A','6',''),(6,'B','1',''),(7,'B','2',''),(8,'B','3',''),(9,'B','4',''),(10,'B','5',''),(11,'B','6',''),(12,'C','1',''),(13,'C','2',''),(14,'C','3',''),(15,'C','4',''),(16,'C','5',''),(17,'C','6',''),(18,'D','1',''),(19,'D','2',''),(20,'D','3',''),(21,'D','4',''),(22,'D','5',''),(23,'D','6',''),(24,'E','1',''),(25,'E','2',''),(26,'E','3',''),(27,'E','4',''),(28,'E','5',''),(29,'E','6',''),(30,'E','7',''),(31,'E','8',''),(32,'E','9',''),(33,'F','1',''),(34,'F','2',''),(35,'F','3',''),(36,'F','4',''),(37,'F','5',''),(38,'F','6',''),(39,'F','7',''),(40,'F','8',''),(41,'F','9',''),(42,'G','1',''),(43,'G','2',''),(44,'G','3',''),(45,'G','4',''),(46,'G','5',''),(47,'G','6',''),(48,'G','7',''),(49,'G','8',''),(50,'G','9',''),(51,'H','1',''),(52,'H','2',''),(53,'H','3',''),(54,'H','4',''),(55,'H','5',''),(56,'H','6',''),(57,'H','7',''),(58,'H','8',''),(59,'H','9:1',''),(60,'H','9:2',''),(61,'I','1:1',''),(62,'I','1:2',''),(63,'I','2:1',''),(64,'I','2:2',''),(65,'I','3:1',''),(66,'I','3:2',''),(67,'I','4',''),(68,'I','5',''),(69,'I','6',''),(70,'I','7',''),(71,'I','8',''),(72,'I','9',''),(73,'J','1',''),(74,'J','2',''),(75,'J','3',''),(76,'J','4',''),(77,'J','5',''),(78,'J','6',''),(79,'J','7',''),(80,'J','8',''),(81,'J','9',''),(82,'VP','01',''),(83,'VP','02',''),(84,'VP','03',''),(85,'VP','04',''),(86,'VP','05',''),(87,'VP','06',''),(88,'VP','07',''),(89,'VP','08',''),(90,'VP','09',''),(91,'VP','10',''),(92,'VP','11',''),(93,'VP','12',''),(94,'VP','13',''),(95,'VP','14',''),(96,'VP','15',''),(97,'VP','16',''),(98,'VP','17',''),(99,'VP','18',''),(100,'S','1',''),(101,'S','2',''),(102,'S','3',''),(103,'S','4',''),(104,'S','5',''),(105,'K','10',''),(106,'K','11',''),(107,'K','12','');
/*!40000 ALTER TABLE `stock_locations` ENABLE KEYS */;
UNLOCK TABLES;
/*!40103 SET TIME_ZONE=@OLD_TIME_ZONE */;
/*!50606 SET GLOBAL INNODB_STATS_AUTO_RECALC=@OLD_INNODB_STATS_AUTO_RECALC */;

/*!40101 SET SQL_MODE=@OLD_SQL_MODE */;
/*!40014 SET FOREIGN_KEY_CHECKS=@OLD_FOREIGN_KEY_CHECKS */;
/*!40014 SET UNIQUE_CHECKS=@OLD_UNIQUE_CHECKS */;
/*!40101 SET CHARACTER_SET_CLIENT=@OLD_CHARACTER_SET_CLIENT */;
/*!40101 SET CHARACTER_SET_RESULTS=@OLD_CHARACTER_SET_RESULTS */;
/*!40101 SET COLLATION_CONNECTION=@OLD_COLLATION_CONNECTION */;
/*!40111 SET SQL_NOTES=@OLD_SQL_NOTES */;

-- Dump completed on 2020-09-06 15:43:59
